[
{
  "model": "admin.logentry",
  "pk": 1,
  "fields": {
    "action_time": "2023-03-22T19:30:46.815Z",
    "user": 1,
    "content_type": 4,
    "object_id": "2",
    "object_repr": "Alita",
    "action_flag": 1,
    "change_message": "[{\"added\": {}}]"
  }
},
{
  "model": "admin.logentry",
  "pk": 2,
  "fields": {
    "action_time": "2023-03-22T19:31:21.335Z",
    "user": 1,
    "content_type": 4,
    "object_id": "2",
    "object_repr": "Alita",
    "action_flag": 2,
    "change_message": "[]"
  }
},
{
  "model": "auth.user",
  "pk": 1,
  "fields": {
    "password": "pbkdf2_sha256$390000$YgidsTmo0r2PhF54PQ8oCz$cC09i37Xjq0achudgAkNnxGqz8lcoyTAnE5StvUCxp8=",
    "last_login": "2023-03-22T19:52:25.388Z",
    "is_superuser": true,
    "username": "admin",
    "first_name": "",
    "last_name": "",
    "email": "admin@mail.com",
    "is_staff": true,
    "is_active": true,
    "date_joined": "2023-03-20T22:18:01.871Z",
    "groups": [],
    "user_permissions": []
  }
},
{
  "model": "auth.user",
  "pk": 18,
  "fields": {
    "password": "pbkdf2_sha256$390000$dvHv3Gjr5RtgkgjtZfCNy1$Wbl4tog52Q9XFRBaX/6+YRtH+edT9suO5eEMR1B8rSQ=",
    "last_login": null,
    "is_superuser": false,
    "username": "Amanda Lynch",
    "first_name": "",
    "last_name": "",
    "email": "",
    "is_staff": false,
    "is_active": true,
    "date_joined": "2023-03-22T21:08:38.149Z",
    "groups": [],
    "user_permissions": []
  }
},
{
  "model": "auth.user",
  "pk": 19,
  "fields": {
    "password": "pbkdf2_sha256$390000$ggAc8PJr2WxOQdAVs4NVMz$6dyUvZT9vC5kudeHHBzH/JX9MQoVuT5SBjSfM16wz9c=",
    "last_login": null,
    "is_superuser": false,
    "username": "Robert Mann",
    "first_name": "",
    "last_name": "",
    "email": "",
    "is_staff": false,
    "is_active": true,
    "date_joined": "2023-03-22T21:08:38.360Z",
    "groups": [],
    "user_permissions": []
  }
},
{
  "model": "auth.user",
  "pk": 20,
  "fields": {
    "password": "pbkdf2_sha256$390000$JyWKO2Lcq6Hjws8wpFydhy$GOvOAdRI1jUqDu5gD6jRddqg9Y3CnQFV/A+bae588I0=",
    "last_login": null,
    "is_superuser": false,
    "username": "Cathy Eaton",
    "first_name": "",
    "last_name": "",
    "email": "",
    "is_staff": false,
    "is_active": true,
    "date_joined": "2023-03-22T21:08:38.572Z",
    "groups": [],
    "user_permissions": []
  }
},
{
  "model": "auth.user",
  "pk": 21,
  "fields": {
    "password": "pbkdf2_sha256$390000$DZFRMvcqFKKyioZqbbDuuM$/jRdyXHo3ZxUkIZSm1DNkOGHlDDbCvJAx0Z7bStasWo=",
    "last_login": null,
    "is_superuser": false,
    "username": "Yvonne Lara",
    "first_name": "",
    "last_name": "",
    "email": "",
    "is_staff": false,
    "is_active": true,
    "date_joined": "2023-03-22T21:08:38.783Z",
    "groups": [],
    "user_permissions": []
  }
},
{
  "model": "auth.user",
  "pk": 22,
  "fields": {
    "password": "pbkdf2_sha256$390000$VBUOjTaK41MqXq6XsushBa$hJmC6TnxqAL7HDpN5HNJASLhRy+i7oUVQd32UzRGJ/A=",
    "last_login": null,
    "is_superuser": false,
    "username": "Nichole Harmon",
    "first_name": "",
    "last_name": "",
    "email": "",
    "is_staff": false,
    "is_active": true,
    "date_joined": "2023-03-22T21:08:38.994Z",
    "groups": [],
    "user_permissions": []
  }
},
{
  "model": "auth.user",
  "pk": 23,
  "fields": {
    "password": "pbkdf2_sha256$390000$1wfQoZWkQNRIcJa8ODQhTL$TX4d8F20M3e+wAyoljCWnMrFdftz377gI+is5EzlN10=",
    "last_login": null,
    "is_superuser": false,
    "username": "Jessica Blanchard",
    "first_name": "",
    "last_name": "",
    "email": "",
    "is_staff": false,
    "is_active": true,
    "date_joined": "2023-03-22T21:08:39.206Z",
    "groups": [],
    "user_permissions": []
  }
},
{
  "model": "auth.user",
  "pk": 24,
  "fields": {
    "password": "pbkdf2_sha256$390000$9dXToRomTlnbK5VM7WOhON$D3nW88bdEBC13cPkEPuOiD6j0g5hKK/fa7EHKxRyiR0=",
    "last_login": null,
    "is_superuser": false,
    "username": "Elizabeth Delacruz",
    "first_name": "",
    "last_name": "",
    "email": "",
    "is_staff": false,
    "is_active": true,
    "date_joined": "2023-03-22T21:08:39.418Z",
    "groups": [],
    "user_permissions": []
  }
},
{
  "model": "auth.user",
  "pk": 25,
  "fields": {
    "password": "pbkdf2_sha256$390000$LD9vVqbl8dypMH1jq1ZrZ7$2060oa+9bLmUsLyuBbvofzxUQROVpa95NFXbSKS8O+A=",
    "last_login": null,
    "is_superuser": false,
    "username": "Benjamin Humphrey",
    "first_name": "",
    "last_name": "",
    "email": "",
    "is_staff": false,
    "is_active": true,
    "date_joined": "2023-03-22T21:08:39.632Z",
    "groups": [],
    "user_permissions": []
  }
},
{
  "model": "auth.user",
  "pk": 26,
  "fields": {
    "password": "pbkdf2_sha256$390000$5ye6Hq3BxI2nsmJOMgAr67$xRaA5c85daoo4FQiuotwGZjuSdlEXiqvbvbLH8duljg=",
    "last_login": null,
    "is_superuser": false,
    "username": "Bruce Miles",
    "first_name": "",
    "last_name": "",
    "email": "",
    "is_staff": false,
    "is_active": true,
    "date_joined": "2023-03-22T21:08:39.842Z",
    "groups": [],
    "user_permissions": []
  }
},
{
  "model": "auth.user",
  "pk": 27,
  "fields": {
    "password": "pbkdf2_sha256$390000$nvUy0dAtEztA2mDj4va2Qm$Gt8laoeyJ0IqL1ndtneLfuFfV6lDxDqHHB6oX/det8w=",
    "last_login": null,
    "is_superuser": false,
    "username": "Julian Williams",
    "first_name": "",
    "last_name": "",
    "email": "",
    "is_staff": false,
    "is_active": true,
    "date_joined": "2023-03-22T21:08:40.054Z",
    "groups": [],
    "user_permissions": []
  }
},
{
  "model": "sessions.session",
  "pk": "asi8jfusyyrtjz0sv8ug8c1srubcfpbs",
  "fields": {
    "session_data": ".eJxVjEEOwiAQRe_C2hChMAwu3XsGwgwgVUOT0q6Md7dNutDte-__twhxXWpYe57DmMRFKHH6ZRT5mdsu0iO2-yR5ass8ktwTedgub1PKr-vR_h3U2Ou29gW8yYrIOXcG5AKmWM046OKJPekNm2QKEwE4bw2yStYSDsCIKYrPF92BN84:1pf4VV:0sLGDZHjpj46e_r5UIOhan4b1LyoZQtX6PGRObwsozU",
    "expire_date": "2023-04-05T19:52:25.394Z"
  }
},
{
  "model": "blog.post",
  "pk": 35,
  "fields": {
    "title": "Skin service.",
    "text": "Page bar according too notice. Serve down health vote explain call save. Building feel buy ever.",
    "owner": 18,
    "post_date": "2023-03-22"
  }
},
{
  "model": "blog.post",
  "pk": 36,
  "fields": {
    "title": "Ready traditional.",
    "text": "Group news positive develop address away old. Southern compare western deal challenge race. East reveal defense page sell.",
    "owner": 18,
    "post_date": "2023-03-22"
  }
},
{
  "model": "blog.post",
  "pk": 37,
  "fields": {
    "title": "Law chance.",
    "text": "Personal year series special public low ready. Respond drive plan friend discussion next wife.",
    "owner": 19,
    "post_date": "2023-03-22"
  }
},
{
  "model": "blog.post",
  "pk": 38,
  "fields": {
    "title": "Election economic.",
    "text": "Particularly wall of song thus theory enough. Win treat race walk opportunity. Our here get war.",
    "owner": 19,
    "post_date": "2023-03-22"
  }
},
{
  "model": "blog.post",
  "pk": 39,
  "fields": {
    "title": "Quite something.",
    "text": "Trouble fund field attention sing eight. State include recently should both. Make poor behind business.",
    "owner": 20,
    "post_date": "2023-03-22"
  }
},
{
  "model": "blog.post",
  "pk": 40,
  "fields": {
    "title": "List necessary stop.",
    "text": "Than left less require assume until eye. Commercial almost animal yourself minute couple late agency. Large more tax water. Wish guy yet anything mean determine.",
    "owner": 20,
    "post_date": "2023-03-22"
  }
},
{
  "model": "blog.post",
  "pk": 41,
  "fields": {
    "title": "Set general.",
    "text": "Economic society little bed. Mean rise role coach.",
    "owner": 21,
    "post_date": "2023-03-22"
  }
},
{
  "model": "blog.post",
  "pk": 42,
  "fields": {
    "title": "Represent at have.",
    "text": "Theory firm single. Light direction buy may thought summer suggest field.",
    "owner": 21,
    "post_date": "2023-03-22"
  }
},
{
  "model": "blog.post",
  "pk": 43,
  "fields": {
    "title": "Imagine recently.",
    "text": "International create across doctor former seat. Throughout concern far seek nation something appear.",
    "owner": 22,
    "post_date": "2023-03-22"
  }
},
{
  "model": "blog.post",
  "pk": 44,
  "fields": {
    "title": "Similar recognize.",
    "text": "Face on against will allow table camera long. Environmental individual grow treatment attack.",
    "owner": 22,
    "post_date": "2023-03-22"
  }
},
{
  "model": "blog.post",
  "pk": 45,
  "fields": {
    "title": "Only sound cause.",
    "text": "Mrs marriage know industry just himself police. Face activity fine money attention focus friend. Relationship them argue arm head beyond. Hospital white base sit difficult marriage.",
    "owner": 23,
    "post_date": "2023-03-22"
  }
},
{
  "model": "blog.post",
  "pk": 46,
  "fields": {
    "title": "Building concern.",
    "text": "Knowledge sit raise argue sit note rest. Center last project few.",
    "owner": 23,
    "post_date": "2023-03-22"
  }
},
{
  "model": "blog.post",
  "pk": 47,
  "fields": {
    "title": "Dream leave crime.",
    "text": "Late interest whatever property brother. Soon pass sell represent worry production. Yeah else industry health fear discussion morning.",
    "owner": 24,
    "post_date": "2023-03-22"
  }
},
{
  "model": "blog.post",
  "pk": 48,
  "fields": {
    "title": "Federal research.",
    "text": "Mr growth thus out. Them southern old step financial check time.",
    "owner": 24,
    "post_date": "2023-03-22"
  }
},
{
  "model": "blog.post",
  "pk": 49,
  "fields": {
    "title": "Ground foreign we.",
    "text": "Keep such laugh program try last assume capital. When tend baby foot. Free forward industry late test white everyone establish.",
    "owner": 25,
    "post_date": "2023-03-22"
  }
},
{
  "model": "blog.post",
  "pk": 50,
  "fields": {
    "title": "Research western.",
    "text": "Cold man purpose everybody support. Sport instead tell since.",
    "owner": 25,
    "post_date": "2023-03-22"
  }
},
{
  "model": "blog.post",
  "pk": 51,
  "fields": {
    "title": "Three possible term.",
    "text": "That job near age stand note. Why create street nature member room.",
    "owner": 26,
    "post_date": "2023-03-22"
  }
},
{
  "model": "blog.post",
  "pk": 52,
  "fields": {
    "title": "Business bill fire.",
    "text": "Organization player least mean miss although. Put happy amount article event. Sister source necessary charge.",
    "owner": 26,
    "post_date": "2023-03-22"
  }
},
{
  "model": "blog.post",
  "pk": 53,
  "fields": {
    "title": "Player establish.",
    "text": "Child effect figure who think from. Far dark too by unit range baby. Black system around guess.",
    "owner": 27,
    "post_date": "2023-03-22"
  }
},
{
  "model": "blog.post",
  "pk": 54,
  "fields": {
    "title": "Prove blood every.",
    "text": "Experience theory there least actually east many how. Either use home international mouth finish bad. Live throw blood for though population.",
    "owner": 27,
    "post_date": "2023-03-22"
  }
},
{
  "model": "blog.comment",
  "pk": 99,
  "fields": {
    "post": 35,
    "owner": 18,
    "text": "Center audience make how answer certainly despite."
  }
},
{
  "model": "blog.comment",
  "pk": 100,
  "fields": {
    "post": 35,
    "owner": 18,
    "text": "Rest impact white particularly part beyond."
  }
},
{
  "model": "blog.comment",
  "pk": 101,
  "fields": {
    "post": 35,
    "owner": 18,
    "text": "Protect watch require live."
  }
},
{
  "model": "blog.comment",
  "pk": 102,
  "fields": {
    "post": 36,
    "owner": 18,
    "text": "West option stuff forget agency boy."
  }
},
{
  "model": "blog.comment",
  "pk": 103,
  "fields": {
    "post": 36,
    "owner": 18,
    "text": "Boy interesting rest probably wrong."
  }
},
{
  "model": "blog.comment",
  "pk": 104,
  "fields": {
    "post": 36,
    "owner": 18,
    "text": "Local institution dark boy PM score management moment."
  }
},
{
  "model": "blog.comment",
  "pk": 105,
  "fields": {
    "post": 37,
    "owner": 19,
    "text": "Nor husband customer eight talk."
  }
},
{
  "model": "blog.comment",
  "pk": 106,
  "fields": {
    "post": 37,
    "owner": 19,
    "text": "Property assume detail loss method report table."
  }
},
{
  "model": "blog.comment",
  "pk": 107,
  "fields": {
    "post": 37,
    "owner": 19,
    "text": "Capital writer alone none risk past accept."
  }
},
{
  "model": "blog.comment",
  "pk": 108,
  "fields": {
    "post": 38,
    "owner": 19,
    "text": "Enter wonder themselves mother often wife majority."
  }
},
{
  "model": "blog.comment",
  "pk": 109,
  "fields": {
    "post": 38,
    "owner": 19,
    "text": "Too fact improve hear over television conference eat."
  }
},
{
  "model": "blog.comment",
  "pk": 110,
  "fields": {
    "post": 38,
    "owner": 19,
    "text": "Can happy because mean training."
  }
},
{
  "model": "blog.comment",
  "pk": 111,
  "fields": {
    "post": 39,
    "owner": 20,
    "text": "None class themselves ask."
  }
},
{
  "model": "blog.comment",
  "pk": 112,
  "fields": {
    "post": 39,
    "owner": 20,
    "text": "Task move box result avoid probably message culture."
  }
},
{
  "model": "blog.comment",
  "pk": 113,
  "fields": {
    "post": 39,
    "owner": 20,
    "text": "Explain pick over."
  }
},
{
  "model": "blog.comment",
  "pk": 114,
  "fields": {
    "post": 40,
    "owner": 20,
    "text": "Reality little skin why film yard west."
  }
},
{
  "model": "blog.comment",
  "pk": 115,
  "fields": {
    "post": 40,
    "owner": 20,
    "text": "Help could process treat who."
  }
},
{
  "model": "blog.comment",
  "pk": 116,
  "fields": {
    "post": 40,
    "owner": 20,
    "text": "Total box white now space soldier result car."
  }
},
{
  "model": "blog.comment",
  "pk": 117,
  "fields": {
    "post": 41,
    "owner": 21,
    "text": "War worry idea."
  }
},
{
  "model": "blog.comment",
  "pk": 118,
  "fields": {
    "post": 41,
    "owner": 21,
    "text": "Practice note ready quality kind."
  }
},
{
  "model": "blog.comment",
  "pk": 119,
  "fields": {
    "post": 41,
    "owner": 21,
    "text": "Discover edge coach attorney recent food talk."
  }
},
{
  "model": "blog.comment",
  "pk": 120,
  "fields": {
    "post": 42,
    "owner": 21,
    "text": "After administration much decade agree law."
  }
},
{
  "model": "blog.comment",
  "pk": 121,
  "fields": {
    "post": 42,
    "owner": 21,
    "text": "Teacher decade exist treatment campaign."
  }
},
{
  "model": "blog.comment",
  "pk": 122,
  "fields": {
    "post": 42,
    "owner": 21,
    "text": "Entire mention yet best course large situation."
  }
},
{
  "model": "blog.comment",
  "pk": 123,
  "fields": {
    "post": 43,
    "owner": 22,
    "text": "Approach little never hold fill."
  }
},
{
  "model": "blog.comment",
  "pk": 124,
  "fields": {
    "post": 43,
    "owner": 22,
    "text": "Story take morning until smile challenge yes."
  }
},
{
  "model": "blog.comment",
  "pk": 125,
  "fields": {
    "post": 43,
    "owner": 22,
    "text": "Cold physical reduce whom father."
  }
},
{
  "model": "blog.comment",
  "pk": 126,
  "fields": {
    "post": 44,
    "owner": 22,
    "text": "At keep throw operation."
  }
},
{
  "model": "blog.comment",
  "pk": 127,
  "fields": {
    "post": 44,
    "owner": 22,
    "text": "Decision yet trouble these simply my wear."
  }
},
{
  "model": "blog.comment",
  "pk": 128,
  "fields": {
    "post": 44,
    "owner": 22,
    "text": "Much hair work case."
  }
},
{
  "model": "blog.comment",
  "pk": 129,
  "fields": {
    "post": 45,
    "owner": 23,
    "text": "War might smile south economy wide whom main."
  }
},
{
  "model": "blog.comment",
  "pk": 130,
  "fields": {
    "post": 45,
    "owner": 23,
    "text": "Affect policy modern discussion college market wife."
  }
},
{
  "model": "blog.comment",
  "pk": 131,
  "fields": {
    "post": 45,
    "owner": 23,
    "text": "Political use live."
  }
},
{
  "model": "blog.comment",
  "pk": 132,
  "fields": {
    "post": 46,
    "owner": 23,
    "text": "Very pattern community remain machine often green."
  }
},
{
  "model": "blog.comment",
  "pk": 133,
  "fields": {
    "post": 46,
    "owner": 23,
    "text": "Organization guy natural front this natural."
  }
},
{
  "model": "blog.comment",
  "pk": 134,
  "fields": {
    "post": 46,
    "owner": 23,
    "text": "Air every show challenge sort."
  }
},
{
  "model": "blog.comment",
  "pk": 135,
  "fields": {
    "post": 47,
    "owner": 24,
    "text": "Politics officer beat radio use identify garden speak."
  }
},
{
  "model": "blog.comment",
  "pk": 136,
  "fields": {
    "post": 47,
    "owner": 24,
    "text": "Support structure walk matter well girl."
  }
},
{
  "model": "blog.comment",
  "pk": 137,
  "fields": {
    "post": 47,
    "owner": 24,
    "text": "Clear term difficult friend."
  }
},
{
  "model": "blog.comment",
  "pk": 138,
  "fields": {
    "post": 48,
    "owner": 24,
    "text": "Democratic religious street charge edge."
  }
},
{
  "model": "blog.comment",
  "pk": 139,
  "fields": {
    "post": 48,
    "owner": 24,
    "text": "Wife artist artist still left."
  }
},
{
  "model": "blog.comment",
  "pk": 140,
  "fields": {
    "post": 48,
    "owner": 24,
    "text": "Take which kid only."
  }
},
{
  "model": "blog.comment",
  "pk": 141,
  "fields": {
    "post": 49,
    "owner": 25,
    "text": "Science surface sister ten."
  }
},
{
  "model": "blog.comment",
  "pk": 142,
  "fields": {
    "post": 49,
    "owner": 25,
    "text": "Manager consider thank."
  }
},
{
  "model": "blog.comment",
  "pk": 143,
  "fields": {
    "post": 49,
    "owner": 25,
    "text": "Machine range all course."
  }
},
{
  "model": "blog.comment",
  "pk": 144,
  "fields": {
    "post": 50,
    "owner": 25,
    "text": "Wear it read business meeting officer."
  }
},
{
  "model": "blog.comment",
  "pk": 145,
  "fields": {
    "post": 50,
    "owner": 25,
    "text": "Community might threat trade executive relationship."
  }
},
{
  "model": "blog.comment",
  "pk": 146,
  "fields": {
    "post": 50,
    "owner": 25,
    "text": "End impact shake peace one thing far cold."
  }
},
{
  "model": "blog.comment",
  "pk": 147,
  "fields": {
    "post": 51,
    "owner": 26,
    "text": "Director edge perform between career."
  }
},
{
  "model": "blog.comment",
  "pk": 148,
  "fields": {
    "post": 51,
    "owner": 26,
    "text": "Concern movie say foot with summer."
  }
},
{
  "model": "blog.comment",
  "pk": 149,
  "fields": {
    "post": 51,
    "owner": 26,
    "text": "Town serve himself watch unit commercial."
  }
},
{
  "model": "blog.comment",
  "pk": 150,
  "fields": {
    "post": 52,
    "owner": 26,
    "text": "Card quite others each whether give."
  }
},
{
  "model": "blog.comment",
  "pk": 151,
  "fields": {
    "post": 52,
    "owner": 26,
    "text": "Stage reduce artist partner different too."
  }
},
{
  "model": "blog.comment",
  "pk": 152,
  "fields": {
    "post": 52,
    "owner": 26,
    "text": "Hand move politics."
  }
},
{
  "model": "blog.comment",
  "pk": 153,
  "fields": {
    "post": 53,
    "owner": 27,
    "text": "Energy drop chair church enter."
  }
},
{
  "model": "blog.comment",
  "pk": 154,
  "fields": {
    "post": 53,
    "owner": 27,
    "text": "State time reveal recognize board young picture."
  }
},
{
  "model": "blog.comment",
  "pk": 155,
  "fields": {
    "post": 53,
    "owner": 27,
    "text": "Interesting value chair change."
  }
},
{
  "model": "blog.comment",
  "pk": 156,
  "fields": {
    "post": 54,
    "owner": 27,
    "text": "Without key crime kid."
  }
},
{
  "model": "blog.comment",
  "pk": 157,
  "fields": {
    "post": 54,
    "owner": 27,
    "text": "Line moment writer program."
  }
},
{
  "model": "blog.comment",
  "pk": 158,
  "fields": {
    "post": 54,
    "owner": 27,
    "text": "Employee government sit senior show education."
  }
}
]
